{"cameraMode":{"drawMode":0,"name":"Shaded","section":"Shading Mode"},"sceneLighting":false,"audioPlay":false,"sceneViewState":{"m_AlwaysRefresh":false,"showFog":true,"showSkybox":false,"showFlares":true,"showImageEffects":true,"showParticleSystems":true,"showVisualEffectGraphs":true,"m_FxEnabled":true},"in2DMode":false,"pivot":{"x":-0.42847704887390139,"y":0.22020640969276429,"z":0.6515741348266602},"rotation":{"x":-0.18557992577552796,"y":0.7108545303344727,"z":-0.2038780152797699,"w":-0.6470555663108826},"size":0.8956969380378723,"orthographic":false}